{
  "internal_breast": {
    "err_per_sv": {
      "model": "linear-ERR",
      "param": "ERR_per_Sv",
      "estimate": 7.179585300666288,
      "se": 5.015522233435666,
      "ci_low": -2.650657640527511,
      "ci_high": 17.009828241860085,
      "pvalue": 0.0268663194131138,
      "note": "rate = exp(alpha_stratum)*(1+beta*dose_Sv); profile-likelihood MLE"
    },
    "hr_per_100msv": {
      "model": "log-linear",
      "param": "HR_per_100mSv",
      "estimate": 1.4981066649394683,
      "se": NaN,
      "ci_low": 1.0795950158015362,
      "ci_high": 2.0788569293919696,
      "pvalue": 0.015600082224983419,
      "note": "HR per 100 mSv = exp(gamma*0.1); rate=exp(alpha+gamma*dose_Sv)"
    }
  },
  "gradients": {
    "age_gradient": 14.431671034582147,
    "dose_gradient": 2.609607074884758,
    "age_rates": {
      "lt20": 7.3156623226377215,
      "20_39": 37.81995002363747,
      "ge40": 105.57723204039476
    },
    "dose_rates": {
      "lt5": 18.958028365050037,
      "5_99": 26.44298502286668,
      "ge100": 49.473004947300495
    }
  },
  "deficit_decomposition": {
    "observed": 247.0,
    "person_years": 97106.0,
    "national_rate_per_100k": 390.0,
    "crude_expected": 378.7134,
    "crude_sir": 0.6522082397929411,
    "std_expected": 296.4,
    "std_sir": 0.8400809716599191,
    "crude_deficit": 0.34779176020705893,
    "std_deficit_selection": 0.15991902834008087,
    "age_share_counts": 0.6249432479914725,
    "age_share_ratio": 0.5401874148919671
  }
}